context,choices,predicted_answer,actual_answer
"There is a block named A. In A, there is a pink triangle that touches the bottom of A. There is also a white triangle that touches the left edge of A, a red triangle that touches the top of A, and a green triangle that touches the right edge of A. Below A there is a block called B. In B, there is a small square, a large square, and a yellow circle. The large square is to the right of and near the yellow circle. The yellow circe is to the right of and above the small square. Below B there is a blocked named C. In C, there is a brown oval that is on top of a blue rectangle.
 Question: What is the relation between the small objects and large objects?","['left', 'right', 'above', 'below', 'near to', 'far from', 'touching', 'DK']",near to,"['left', 'far from']"
"There is a block called A. In A, there are four circles that are touching the bottom of A. The red circle is touching and to the left of the yellow circle. The pink circle is touching and to the right of the green circle. The yellow circle is touching and to the left of the green circle. Touching the bottom of A is a block called B. In B, there is a blue rectangle touching the top and the left of B. Near and to the right of the blue rectangle is a purple rectangle that is also touching the top of B. At the bottom of B there is a white triangle. Far to the left of B there is a block called C. In C, there is a brown oval that is to the right of an  orange square.
 Question: What object is above a white thing? the purple rectangle  or  the blue rectangle ?","[' the purple rectangle ', ' the blue rectangle ', 'both of them', 'none of them']",both of them,['both of them']
"There is a block called A. In A there is a small blue circle. There is another block called B Which is to the right of A. In B, there is a large yellow square, Which is near and to the left of a small yellow square. Above both squares there is a black triangle. To the right of B there is a block called C. In C, there is a black square that is to the right and far from a yellow triangle.
 Question: Is there any yellow object to the left of the black square?","['Yes', 'No', 'DK']",Yes,['Yes']
"There is three blocks called A, B, C. Block A has two big blue shapes to the left of a big yellow triangle. There is also a little triangle to the left of blue objects. there is a big black triangle touching the bottom edge of block B. A medium circle is at top of the block B and a small blue circle is near to it. Block C is left to the blocks A and B. It has two medium triangles. one of them is to the right of the other.
 Question: What is to the left of a big triangle? a medium triangle  or  a little triangle?","[' a medium triangle ', ' a little triangle', 'both of them', 'none of them']",' a little triangle',['both of them']
"There is a block called A. In A, there is a medium black triangle that is near and below a medium blue triangle. The medium blue triangle is far below a large blue circle. The large circle is near and below a small blue triangle. There is a block called B, Which is to the right of A. In B, there is a small yellow circle far above a large yellow square. There is also a large blue triangle near and to the right of large yellow square. There is another block called C, Which is to the right of B. In C, there is a large black triangle that is far below a large blue triangle. The large blue triangle is far below a small blue triangle.
 Question: Is the large black thing in C to the left of a yellow thing?","['Yes', 'No', 'DK']",No,['No']
"There are three blocks named A, B, and C. A is to the right of B and B is to the right of C. In A, there is a small yellow triangle that is near and to the left of a medium yellow circle. In B, there is a medium black circle Which is above a large blue triangle. The large triangle is above and near a small blue circle. There is also a large black circle far below the small blue circle. In C, there is a medium blue circle.
 Question: What is the relation between the medium thing in B and the small thing in B?","['left', 'right', 'above', 'below', 'near to', 'far from', 'touching', 'DK']",above,"['above', 'near to']"
"There are three blocks called A, B, and C. B is to the left of A and C is to the left of B. In A, there is a medium blue square near and to the right of a large yellow square. The large yellow square is far to the right of a small blue circle. In B, there is a large black circle is near and above a large blue circle. Far below the blue circle is a large black square. In C, there is a small blue circle that is far below a large blue square.
 Question: What object is below the large black circle, the large black square or the large blue square? the large black square  or  the large blue square ?","[' the large black square ', ' the large blue square ', 'both of them', 'none of them']",'none of them',[' the large black square ']
"There are three blocks named A, B, and C. B is to the right of A and C is to the right of B. In A there is a large black square that is touching left edge of A. In B, there is a large blue square Which is near and to the right of a large blue triangle. Far below the triangle there is a large yellow circle. The large yellow circle is touching the bottom of B. In C, there is a small blue circle that is to the right of a small black triangle.
 Question: Is the large black thing to the right of a small black thing?","['Yes', 'No', 'DK']",No,['No']
"There are three blocks called A, B, and C. A is to the left of B Which is to the left of C. In A, there is a large black triangle near and above a large black square. To the right of the black triangle is a large blue triangle. In B, there is a medium yellow square near and below a small blue circle. In C, there is a small blue square far above a small yellow square. There is a small blue circle to the right of the small yellow square. There is a medium yellow circle near and to the right of the small blue circle. There is also a medium blue circle below the medium yellow circle.
 Question: Is the small yellow thing to the left of the medium yellow thing in C?","['Yes', 'No', 'DK']",No,['Yes']
"There is a block called A. In A there is a small blue circle. There is another block called B Which is to the right of A. In B, there is a large yellow square, Which is near and to the left of a small yellow square. Above both squares there is a black triangle. To the right of B there is a block called C. In C, there is a black square that is to the right and far from a yellow triangle.
 Question: Which block has a triangle above a square?","['A', 'B', 'C']",B,['B']
"There is a block called A. In A, there is a medium black triangle that is near and below a medium blue triangle. The medium blue triangle is far below a large blue circle. The large circle is near and below a small blue triangle. There is a block called B, Which is to the right of A. In B, there is a small yellow circle far above a large yellow square. There is also a large blue triangle near and to the right of large yellow square. There is another block called C, Which is to the right of B. In C, there is a large black triangle that is far below a large blue triangle. The large blue triangle is far below a small blue triangle.
 Question: What block does not have any black objects inside of it?","['A', 'B', 'C']",B,['B']
"There are three blocks called A, B, and C. B is to the right of and touching the right edge of A and C is above and touching the top of B. In A, there is a blue square touching the left edge of A. A red triangle is next to the blue square and is above a yellow circle is touching the bottom edge of A. In B, there is a purple rectangle and an orange oval. The orange oval is touching the right edge of B and the rectangle is near and to the left of and the oval. In C, there is a small triangle a large triangle and a pink triangle. The small triangle is above the large triangle and is touching the top of C. The pink triangle is touching the bottom of C, with the large triangle to the right of the pink triangle.
 Question: Is the blue thing above the purple thing?","['Yes', 'No', 'DK']",No,['DK']
"There is a block called A. In A, there are four circles that are touching the bottom of A. The red circle is touching and to the left of the yellow circle. The pink circle is touching and to the right of the green circle. The yellow circle is touching and to the left of the green circle. Touching the bottom of A is a block called B. In B, there is a blue rectangle touching the top and the left of B. Near and to the right of the blue rectangle is a purple rectangle that is also touching the top of B. At the bottom of B there is a white triangle. Far to the left of B there is a block called C. In C, there is a brown oval that is to the right of an  orange square.
 Question: Is B near C?","['Yes', 'No', 'DK']",No,['No']
"There is a block called A. It has a big blue circle and a red square. The big blue circle is below the red square. There is another block called B Which is above block A. There are a small blue circle and a yellow square in this block. The small blue circle is to the left of the yellow square.
 Question: Is the circle which is below another circle above the red square?","['Yes', 'No', 'DK']",No,['No']
"There are three blocks called A, B, and C. A is to the left of B and B is to the left of C. In A, there is a large yellow square that is near and to the left of a small yellow square. Below the small square is a medium yellow circle. In B, there is a small black triangle that is to the left of a large black square. Far below the black square is a small blue circle. In C, there is a medium blue triangle.
 Question: What block has all of the black objects inside of it?","['A', 'B', 'C']",B,['B']
"There is a block called A. In A, there are four circles that are touching the bottom of A. The red circle is touching and to the left of the yellow circle. The pink circle is touching and to the right of the green circle. The yellow circle is touching and to the left of the green circle. Touching the bottom of A is a block called B. In B, there is a blue rectangle touching the top and the left of B. Near and to the right of the blue rectangle is a purple rectangle that is also touching the top of B. At the bottom of B there is a white triangle. Far to the left of B there is a block called C. In C, there is a brown oval that is to the right of an  orange square.
 Question: What block has all of the circles?","['A', 'B', 'C']",A,['A']
"There are three blocks called A, B, and C. B is to the left of A and C is to the left of B. In A, there is a medium blue square near and to the right of a large yellow square. The large yellow square is far to the right of a small blue circle. In B, there is a large black circle is near and above a large blue circle. Far below the blue circle is a large black square. In C, there is a small blue circle that is far below a large blue square.
 Question: Is the large blue thing in B to the right of the large black things?","['Yes', 'No', 'DK']",No,['DK']
"There is a block called A. In A, there is a small black square near and to the left of a large blue triangle. The large blue triangle is also to the left of and below a small yellow circle. In a block called B, Which is to the left of A, there a large blue square that is near and above a small blue circle. The small blue circle is near and above a medium yellow square. There is another block called C, Which is to the left of B. In C, there is a large yellow square that is near and to the left of a large yellow circle.
 Question: Is the small blue thing to the right of the large yellow objects?","['Yes', 'No', 'DK']",No,['Yes']
"There is a block called A. It has a big blue circle and a red square. The big blue circle is below the red square. There is another block called B Which is above block A. There are a small blue circle and a yellow square in this block. The small blue circle is to the left of the yellow square.
 Question: Which block has a square above a circle?","['A', 'B']",A,"['A', ' B']"
"There is a block called A. It has a big blue circle and a red square. The big blue circle is below the red square. There is another block called B Which is above block A. There are a small blue circle and a yellow square in this block. The small blue circle is to the left of the yellow square.
 Question: What is to the right of the yellow shape? the small blue circle  or  the big blue circle?","[' the small blue circle ', ' the big blue circle', 'both of them', 'none of them']",'none of them',['none of them']
"There are three blocks called A, B, and C. A is to the left of B Which is to the left of C. In A, there is a large black triangle near and above a large black square. To the right of the black triangle is a large blue triangle. In B, there is a medium yellow square near and below a small blue circle. In C, there is a small blue square far above a small yellow square. There is a small blue circle to the right of the small yellow square. There is a medium yellow circle near and to the right of the small blue circle. There is also a medium blue circle below the medium yellow circle.
 Question: What object is to the right of the medium yellow thing in B? the medium yellow circle or   the large blue triangle ?","[' the medium yellow circle', '  the large blue triangle ', 'both of them', 'none of them']",none of them,[' the medium yellow circle']
"There is three blocks called A, B, C. Block A has two big blue shapes to the left of a big yellow triangle. There is also a little triangle to the left of blue objects. there is a big black triangle touching the bottom edge of block B. A medium circle is at top of the block B and a small blue circle is near to it. Block C is left to the blocks A and B. It has two medium triangles. one of them is to the right of the other.
 Question: Which block has a triangle to the left of another triangle?","['A', 'B', 'C']",C,"['A', 'C']"
"There is a block called A. In A, there is a medium black triangle that is near and below a medium blue triangle. The medium blue triangle is far below a large blue circle. The large circle is near and below a small blue triangle. There is a block called B, Which is to the right of A. In B, there is a small yellow circle far above a large yellow square. There is also a large blue triangle near and to the right of large yellow square. There is another block called C, Which is to the right of B. In C, there is a large black triangle that is far below a large blue triangle. The large blue triangle is far below a small blue triangle.
 Question: Does A have any black objects inside of it?","['Yes', 'No', 'DK']",Yes,['Yes']
"There is three blocks called A, B, C. Block A has two big blue shapes to the left of a big yellow triangle. There is also a little triangle to the left of blue objects. there is a big black triangle touching the bottom edge of block B. A medium circle is at top of the block B and a small blue circle is near to it. Block C is left to the blocks A and B. It has two medium triangles. one of them is to the right of the other.
 Question: Which block has a triangle to the right of another triangle?","['A', 'B', 'C']",C,"['A', 'B', 'C']"
"There are three blocks called A, B, and C. A is to the right of B and B is to the right of C. In A, there is a medium black triangle. In B, there is a small blue circle that is far below a medium yellow square. In C, there is a small yellow square near and above a small black triangle. The black triangle is near and to the right of a large black square. There is a medium blue triangle below the large black square.
 Question: What block has does not have any triangles inside?","['A', 'B', 'C']",B,['B']
"There are three blocks called A, B, and C. In A, there is a large blue circle that is near and to the left of a large yellow circle. There is also a medium black triangle below the blue circle. In B, Which is to the right of A, there are three small blue circles far above two small black triangles. C is to the right of B. In C, there is a large blue triangle that is near and to the left of a medium black circle. There is also a large black triangle near and below the large blue triangle.
 Question: Does B have any yellow objects inside of it?","['Yes', 'No', 'DK']",No,['No']
"There are three blocks called A, B, and C. In A, there is a large blue circle that is near and to the left of a large yellow circle. There is also a medium black triangle below the blue circle. In B, Which is to the right of A, there are three small blue circles far above two small black triangles. C is to the right of B. In C, there is a large blue triangle that is near and to the left of a medium black circle. There is also a large black triangle near and below the large blue triangle.
 Question: What object is far from the small black thing? the small blue circle  or  the large yellow circle?","[' the small blue circle ', ' the large yellow circle', 'both of them', 'none of them']",the large yellow circle,[' the small blue circle ']
"There is a block called A. In A there is a small blue circle. There is another block called B Which is to the right of A. In B, there is a large yellow square, Which is near and to the left of a small yellow square. Above both squares there is a black triangle. To the right of B there is a block called C. In C, there is a black square that is to the right and far from a yellow triangle.
 Question: What is the relationship between the small blue thing and the small yellow thing?","['left', 'right', 'above', 'below', 'near to', 'far from', 'touching', 'DK']",left,"['left', 'far from']"
"There is a block called A. In A, there are four circles that are touching the bottom of A. The red circle is touching and to the left of the yellow circle. The pink circle is touching and to the right of the green circle. The yellow circle is touching and to the left of the green circle. Touching the bottom of A is a block called B. In B, there is a blue rectangle touching the top and the left of B. Near and to the right of the blue rectangle is a purple rectangle that is also touching the top of B. At the bottom of B there is a white triangle. Far to the left of B there is a block called C. In C, there is a brown oval that is to the right of an  orange square.
 Question: What is the relation between the pink objects and red objects?","['left', 'right', 'above', 'below', 'near to', 'far from', 'touching', 'DK']",right,"['right', 'near to']"
"There are three blocks named A, B, and C. A is to the right of B and B is to the right of C. In A, there is a small yellow triangle that is near and to the left of a medium yellow circle. In B, there is a medium black circle Which is above a large blue triangle. The large triangle is above and near a small blue circle. There is also a large black circle far below the small blue circle. In C, there is a medium blue circle.
 Question: What block does not have a triangle inside of it?","['A', 'B', 'C']",'C',['C']
"There is a block called A. In A, there a large black circle that is far below a large yellow square. There is a block called B, Which is to the right of A. In B, there is a large blue square near and to the left of a large blue triangle. The blue triangle is near and to the right of a small yellow square. There is another block called C, Which is to the right of B. In C, there is a small blue circle that is near and above a small yellow square. Far below the small square is a large blue square.
 Question: What is the relation between the large black thing and the small yellow thing?","['left', 'right', 'above', 'below', 'near to', 'far from', 'touching', 'DK']",DK,"['left', 'far from']"
"There is a block called A. In A, there is a medium blue square that is to the left of a small blue triangle. There is also a large blue triangle far above the small blue triangle. There is another block called B, Which is to the right of A. In B, there is a large yellow circle. There is another block called C, Which is to the right of B. In B, there is a medium yellow circle far below a small black square. There is also a large yellow square near and above the small black square . There is a medium yellow square that is far to the right of the medium yellow circle, and there is a small yellow square above the medium yellow square.
 Question: What block has all blue objects inside of it?","['A', 'B', 'C']",A,['A']
"There are three blocks called A, B, and C. A is to the left of B and B is to the left of C. In A, there is a large blue triangle that is near and below a medium black triangle. There is also a large black triangle that is near and below the large blue triangle. In B, there are two medium blue circles that are to the left of a medium black circle. The black circle is near and above a large blue circle. In C, there is a large yellow circle that is near and to the left of a small black triangle. There is also a large blue triangle near and to the right of the small black triangle.
 Question: What is the relation between the small black thing and the medium black thing in A?","['left', 'right', 'above', 'below', 'near to', 'far from', 'touching', 'DK']",DK,"['right', 'far from']"
"There are three blocks called A, B, and C. A is to the left of B Which is to the left of C. In A, there is a large black triangle near and above a large black square. To the right of the black triangle is a large blue triangle. In B, there is a medium yellow square near and below a small blue circle. In C, there is a small blue square far above a small yellow square. There is a small blue circle to the right of the small yellow square. There is a medium yellow circle near and to the right of the small blue circle. There is also a medium blue circle below the medium yellow circle.
 Question: Is the large black square not near the the other large black thing?","['Yes', 'No', 'DK']",No,['No']
"There are three blocks named A, B, and C. B is to the right of A and C is to the right of B. In A there is a large black square that is touching left edge of A. In B, there is a large blue square Which is near and to the right of a large blue triangle. Far below the triangle there is a large yellow circle. The large yellow circle is touching the bottom of B. In C, there is a small blue circle that is to the right of a small black triangle.
 Question: What block has all small objects?","['A', 'B', 'C']",C,['C']
"There are three blocks called A, B, and C. In A, there is a large blue circle that is near and to the left of a large yellow circle. There is also a medium black triangle below the blue circle. In B, Which is to the right of A, there are three small blue circles far above two small black triangles. C is to the right of B. In C, there is a large blue triangle that is near and to the left of a medium black circle. There is also a large black triangle near and below the large blue triangle.
 Question: What is the relationship between the small black thing and the large blue thing in A","['left', 'right', 'above', 'below', 'near to', 'far from', 'touching', 'DK']",below,"['right', 'far from']"
"There are three blocks called A, B, and C. A is to the right of B and B is to the right of C. In A, there is a small blue triangle. In B, there is a large blue circle near and to the right of a small yellow square. The yellow square is near and to the right of a small black circle. In C, there is a small yellow circle near and below a medium black triangle. There is a small blue square near and above the black triangle.
 Question: What block does not have any triangles inside of it?","['A', 'B', 'C']",B,['B']
"There are three blocks A, B and C. A blue triangle is touching the right edge of block A. Block B has four objects. There is a medium black square at the top of this block. There is a big blue square at the top of this block and near to the medium square. Two big black circles are below these objects. one of the circles is touching the bottom edge of its block. block C is above A and block B is above it. Three medium blue triangles and two squares are in this block. the squares are below all triangles. two of the triangles and one of the squares are to the left of the  other square.
 Question: What is the relation between a square which is above a circle and the square which is below a triangle?","['left', 'right', 'above', 'below', 'near to', 'far from', 'touching', 'DK']",DK,['above']
"There are three blocks called A, B, and C. A is to the left of B and B is to the left of C. In A, there is a large blue triangle that is near and below a medium black triangle. There is also a large black triangle that is near and below the large blue triangle. In B, there are two medium blue circles that are to the left of a medium black circle. The black circle is near and above a large blue circle. In C, there is a large yellow circle that is near and to the left of a small black triangle. There is also a large blue triangle near and to the right of the small black triangle.
 Question: What block does not have any circles inside of it?","['A', 'B', 'C']",A,['A']
"There are three blocks names A, B, and C. A is to the left of B and B is to the left of C. In A, there is a small square Which is below and to the left of a yellow circle. In B, there is a yellow circle above and to the right of a large blue square. In C, there is a small black square that is below a small yellow triangle. Near and to the right of the square is a large black triangle. The large triangle is also to the left of and near a large blue square. Far above the blue square is a small yellow circle. The small triangle is to the left and far from the small circle.
 Question: Is the small square in C to the left of the large square in C?","['Yes', 'No', 'DK']",DK,['Yes']
"There are three blocks names A, B, and C. A is to the left of B and B is to the left of C. In A, there is a small square Which is below and to the left of a yellow circle. In B, there is a yellow circle above and to the right of a large blue square. In C, there is a small black square that is below a small yellow triangle. Near and to the right of the square is a large black triangle. The large triangle is also to the left of and near a large blue square. Far above the blue square is a small yellow circle. The small triangle is to the left and far from the small circle.
 Question: Is the small black object in C near the small yellow thing in C?","['Yes', 'No', 'DK']",No,['No']
"There are three blocks names A, B, and C. A is to the left of B and B is to the left of C. In A, there is a small square Which is below and to the left of a yellow circle. In B, there is a yellow circle above and to the right of a large blue square. In C, there is a small black square that is below a small yellow triangle. Near and to the right of the square is a large black triangle. The large triangle is also to the left of and near a large blue square. Far above the blue square is a small yellow circle. The small triangle is to the left and far from the small circle.
 Question: What block does not have a black object inside of it?","['A', 'B', 'C']",'A',"['A', 'B']"
"There is a block called A. In A, there is a medium blue square that is to the left of a small blue triangle. There is also a large blue triangle far above the small blue triangle. There is another block called B, Which is to the right of A. In B, there is a large yellow circle. There is another block called C, Which is to the right of B. In B, there is a medium yellow circle far below a small black square. There is also a large yellow square near and above the small black square . There is a medium yellow square that is far to the right of the medium yellow circle, and there is a small yellow square above the medium yellow square.
 Question: What is the relation between the medium yellow circle and the other medium yellow thing?","['left', 'right', 'above', 'below', 'near to', 'far from', 'touching', 'DK']",right,"['left', 'far from']"
"There is a block named A. In A, there is a pink triangle that touches the bottom of A. There is also a white triangle that touches the left edge of A, a red triangle that touches the top of A, and a green triangle that touches the right edge of A. Below A there is a block called B. In B, there is a small square, a large square, and a yellow circle. The large square is to the right of and near the yellow circle. The yellow circe is to the right of and above the small square. Below B there is a blocked named C. In C, there is a brown oval that is on top of a blue rectangle.
 Question: What is the relation between the pink objects and yellow objects?","['left', 'right', 'above', 'below', 'near to', 'far from', 'touching', 'DK']",above,"['above', 'far from']"
"There are three blocks called A, B, and C. A is to the left of B Which is to the left of C. In A, there is a large black triangle near and above a large black square. To the right of the black triangle is a large blue triangle. In B, there is a medium yellow square near and below a small blue circle. In C, there is a small blue square far above a small yellow square. There is a small blue circle to the right of the small yellow square. There is a medium yellow circle near and to the right of the small blue circle. There is also a medium blue circle below the medium yellow circle.
 Question: Is the large black thing to the right of the small yellow thing?","['Yes', 'No', 'DK']",No,['No']
"There are three blocks called A, B, and C. A is to the left of B, and B is to the left of C. In A, there is a large blue triangle to the left of and below a large black square. Far above the square is a large black circle. In B, there is a large blue circle near and below a small blue circle. The small blue circle is near and below a large yellow square. There is a medium blue square far to the left of the yellow square. In C, there is a large blue square.
 Question: What block has all of the triangles inside of it?","['A', 'B', 'C']",A,['A']
"There are three blocks called A, B and C. B is to the left of A and C is to the left of B. In A, there is a large blue triangle that is near and to the right of a medium yellow circle. There is also a large black square near and to the left of the medium yellow circle. In B, there is a medium yellow triangle that is near and above a large black square. Near and below the black square is a medium blue circle. In C, there is a small blue triangle to the right of a small black triangle. Near and to the left of the of the small black triangle is a large blue triangle.
 Question: Is the small blue thing above small a black thing?","['Yes', 'No', 'DK']",No,['DK']
"There are three blocks called A, B, and C. B is to the right of and touching the right edge of A and C is above and touching the top of B. In A, there is a blue square touching the left edge of A. A red triangle is next to the blue square and is above a yellow circle is touching the bottom edge of A. In B, there is a purple rectangle and an orange oval. The orange oval is touching the right edge of B and the rectangle is near and to the left of and the oval. In C, there is a small triangle a large triangle and a pink triangle. The small triangle is above the large triangle and is touching the top of C. The pink triangle is touching the bottom of C, with the large triangle to the right of the pink triangle.
 Question: What object is near the purple thing? the orange oval  or  the small triangle?","[' the orange oval ', ' the small triangle', 'both of them', 'none of them']",the orange oval,[' the orange oval ']
"There is a block called A. In A, there is a medium blue square that is to the left of a small blue triangle. There is also a large blue triangle far above the small blue triangle. There is another block called B, Which is to the right of A. In B, there is a large yellow circle. There is another block called C, Which is to the right of B. In B, there is a medium yellow circle far below a small black square. There is also a large yellow square near and above the small black square . There is a medium yellow square that is far to the right of the medium yellow circle, and there is a small yellow square above the medium yellow square.
 Question: What is the relation between the large yellow square in B and the small yellow thing?","['left', 'right', 'above', 'below', 'near to', 'far from', 'touching', 'DK']",above,"['left', 'far from']"
"There is a block named A. In A, there is a pink triangle that touches the bottom of A. There is also a white triangle that touches the left edge of A, a red triangle that touches the top of A, and a green triangle that touches the right edge of A. Below A there is a block called B. In B, there is a small square, a large square, and a yellow circle. The large square is to the right of and near the yellow circle. The yellow circe is to the right of and above the small square. Below B there is a blocked named C. In C, there is a brown oval that is on top of a blue rectangle.
 Question: Is the small thing to the left of the yellow thing?","['Yes', 'No', 'DK']",Yes,['Yes']
"There are three blocks called A, B, and C. A is to the left of B and B is to the left of C. In A, there is a large yellow square that is near and to the left of a small yellow square. Below the small square is a medium yellow circle. In B, there is a small black triangle that is to the left of a large black square. Far below the black square is a small blue circle. In C, there is a medium blue triangle.
 Question: Is the medium blue thing to the right of the small yellow thing?","['Yes', 'No', 'DK']",Yes,['Yes']
"There are three blocks called A, B, and C. A is to the right of B and B is to the right of C. In A, there is a small blue triangle. In B, there is a large blue circle near and to the right of a small yellow square. The yellow square is near and to the right of a small black circle. In C, there is a small yellow circle near and below a medium black triangle. There is a small blue square near and above the black triangle.
 Question: What object is not near the thing in A, the small yellow circle or the medium black triangle? the small yellow circle  or  the medium black triangle ?","[' the small yellow circle ', ' the medium black triangle ', 'both of them', 'none of them']",'both of them',['both of them']
"There is a block called A. In A, there is a medium blue square that is to the left of a small blue triangle. There is also a large blue triangle far above the small blue triangle. There is another block called B, Which is to the right of A. In B, there is a large yellow circle. There is another block called C, Which is to the right of B. In B, there is a medium yellow circle far below a small black square. There is also a large yellow square near and above the small black square . There is a medium yellow square that is far to the right of the medium yellow circle, and there is a small yellow square above the medium yellow square.
 Question: Is the small blue thing far below the large blue thing?","['Yes', 'No', 'DK']",No,['Yes']
"There are three blocks named A, B, and C. A is to the right of B and B is to the right of C. In A, there is a small yellow triangle that is near and to the left of a medium yellow circle. In B, there is a medium black circle Which is above a large blue triangle. The large triangle is above and near a small blue circle. There is also a large black circle far below the small blue circle. In C, there is a medium blue circle.
 Question: Is the blue thing in C to the left of the yellow objects?","['Yes', 'No', 'DK']",No,['Yes']
"There are three blocks called A, B, and C. A is to the left of B and B is to the left of C. In A, there is a medium yellow circle near and above a medium blue circle. There is also a large black square near and below the medium blue circle. In B, there is a medium yellow triangle near and to the left of a small blue triangle. The small blue triangle is above a medium blue triangle. The medium blue triangle is to the right of the medium yellow triangle and above a large black circle. In C, there is a medium black triangle that is near and to the left of a large blue triangle. There is a large black square near and to the right of large blue triangle.
 Question: What object is to the right of the medium blue thing in B, the large blue triangle or the large black square? the large blue triangle  or  the large black square ?","[' the large blue triangle ', ' the large black square ', 'both of them', 'none of them']",none of them,['both of them']
"There is a block called A. In A, there are four circles that are touching the bottom of A. The red circle is touching and to the left of the yellow circle. The pink circle is touching and to the right of the green circle. The yellow circle is touching and to the left of the green circle. Touching the bottom of A is a block called B. In B, there is a blue rectangle touching the top and the left of B. Near and to the right of the blue rectangle is a purple rectangle that is also touching the top of B. At the bottom of B there is a white triangle. Far to the left of B there is a block called C. In C, there is a brown oval that is to the right of an  orange square.
 Question: Is the red thing to the left of the pink thing?","['Yes', 'No', 'DK']",Yes,['Yes']
"There is a block called A. In A, there are four circles that are touching the bottom of A. The red circle is touching and to the left of the yellow circle. The pink circle is touching and to the right of the green circle. The yellow circle is touching and to the left of the green circle. Touching the bottom of A is a block called B. In B, there is a blue rectangle touching the top and the left of B. Near and to the right of the blue rectangle is a purple rectangle that is also touching the top of B. At the bottom of B there is a white triangle. Far to the left of B there is a block called C. In C, there is a brown oval that is to the right of an  orange square.
 Question: Which object is not touching another object? the orange square  or  the yellow circle ?","[' the orange square ', ' the yellow circle ', 'both of them', 'none of them']",the orange square,[' the orange square ']
"There is a block called A. In A, there are four circles that are touching the bottom of A. The red circle is touching and to the left of the yellow circle. The pink circle is touching and to the right of the green circle. The yellow circle is touching and to the left of the green circle. Touching the bottom of A is a block called B. In B, there is a blue rectangle touching the top and the left of B. Near and to the right of the blue rectangle is a purple rectangle that is also touching the top of B. At the bottom of B there is a white triangle. Far to the left of B there is a block called C. In C, there is a brown oval that is to the right of an  orange square.
 Question: What is the relation between the white things and brown things?","['left', 'right', 'above', 'below', 'near to', 'far from', 'touching', 'DK']",far from,"['right', 'far from']"
"There is a block called A. In A there is a red triangle Which is above a black circle. The black circle is touching the bottom of A. A yellow square is touching the top edge of A and below that there is a red oval is touching the right edge of A. There is a second block call B Which is to the left of A. Inside B there are 3 squares, a brown one, a green one, and a red one. The green square is above the red square and touching the left edge of B. The brown square is touching both the bottom edge and the right edge of B. The red square is touching the left edge of the brown square.
 Question: Is the red square above the green square?","['Yes', 'No', 'DK']",Yes,['No']
"There are three blocks called A, B, and C. A is to the left of B, and B is to the left of C. In A, there is a large blue triangle to the left of and below a large black square. Far above the square is a large black circle. In B, there is a large blue circle near and below a small blue circle. The small blue circle is near and below a large yellow square. There is a medium blue square far to the left of the yellow square. In C, there is a large blue square.
 Question: What is the relation between large blue thing in C and the other large blue things?","['left', 'right', 'above', 'below', 'near to', 'far from', 'touching', 'DK']",right,"['left', 'far from']"
"There is a block called A. Inside there's a red oval that is above a blue triangle. The blue triangle is touching the right edge of A and the top of a large black square. Touching the bottom edge of A is  a small orange square. The is a block called B Which is to the right and touching A. Inside B there are 5 triangles, a red one, a green one, a large yellow one, a brown one, and an orange one. The red and orange triangles are touching the left edge of B and the orange triangle is above the red triangle. The large yellow triangle is touching the top edge of B. The green triangle is touching the right edge of B. The brown triangle is below all of the other triangles and is touching the bottom of B.
 Question: What object is touching the bottom of the blue triangle? the brown triangle  or  the black square?","[' the brown triangle ', ' the black square', 'both of them', 'none of them']",the black square,[' the black square']
"There is a block called A. In A there is a small blue circle. There is another block called B Which is to the right of A. In B, there is a large yellow square, Which is near and to the left of a small yellow square. Above both squares there is a black triangle. To the right of B there is a block called C. In C, there is a black square that is to the right and far from a yellow triangle.
 Question: Is the large thing below a black thing?","['Yes', 'No', 'DK']",Yes,['Yes']
"There is a block called A. In A, there a large black circle that is far below a large yellow square. There is a block called B, Which is to the right of A. In B, there is a large blue square near and to the left of a large blue triangle. The blue triangle is near and to the right of a small yellow square. There is another block called C, Which is to the right of B. In C, there is a small blue circle that is near and above a small yellow square. Far below the small square is a large blue square.
 Question: What is the relation between the small blue thing and the large blue thing in C?","['left', 'right', 'above', 'below', 'near to', 'far from', 'touching', 'DK']",above,"['above', 'far from']"
"There is a block called A. It has a big blue circle and a red square. The big blue circle is below the red square. There is another block called B Which is above block A. There are a small blue circle and a yellow square in this block. The small blue circle is to the left of the yellow square.
 Question: Where is the the square which is above a square regarding to the small object?","['left', 'right', 'above', 'below', 'near to', 'far from', 'touching', 'DK']",right,['right']
"There are three blocks called A, B, and C. B is to the right of A and C is to the right of B. In A, there is a small yellow circle that is near and to the left of a medium blue triangle. Touching the top of the triangle is a large yellow square. In B, there is a large blue circle near and below a small blue square. There is a large black triangle far to the right of the small blue square. In C, there is a small blue triangle that is far below a medium black triangle. The black triangle was near and below a medium blue triangle.
 Question: What block has all of the triangles inside of it?","['A', 'B', 'C']",C,['C']
"There are three blocks called A, B, and C. A is to the left of B and B is to the left of C. In A, there is a small blue square near and below a medium black triangle. Near and above the medium black triangle is a large blue circle. In B, there is a large yellow circle far above a medium black square. The medium black square is to the near and to the left of a small yellow square. In C, there is a large yellow circle far above a small black circle.
 Question: Is the small black thing to the right of a small blue thing?","['Yes', 'No', 'DK']",Yes,['Yes']
"There are three blocks called A, B and C. B is to the left of A and C is to the left of B. In A, there is a large blue triangle that is near and to the right of a medium yellow circle. There is also a large black square near and to the left of the medium yellow circle. In B, there is a medium yellow triangle that is near and above a large black square. Near and below the black square is a medium blue circle. In C, there is a small blue triangle to the right of a small black triangle. Near and to the left of the of the small black triangle is a large blue triangle.
 Question: Is the large black thing near and above a medium blue thing?","['Yes', 'No', 'DK']",Yes,['Yes']
"There is a block named A. In A, there is a pink triangle that touches the bottom of A. There is also a white triangle that touches the left edge of A, a red triangle that touches the top of A, and a green triangle that touches the right edge of A. Below A there is a block called B. In B, there is a small square, a large square, and a yellow circle. The large square is to the right of and near the yellow circle. The yellow circe is to the right of and above the small square. Below B there is a blocked named C. In C, there is a brown oval that is on top of a blue rectangle.
 Question: Is the red object below the blue object?","['Yes', 'No', 'DK']",No,['No']
"There is a block called A. In A, there is a medium black triangle that is near and below a medium blue triangle. The medium blue triangle is far below a large blue circle. The large circle is near and below a small blue triangle. There is a block called B, Which is to the right of A. In B, there is a small yellow circle far above a large yellow square. There is also a large blue triangle near and to the right of large yellow square. There is another block called C, Which is to the right of B. In C, there is a large black triangle that is far below a large blue triangle. The large blue triangle is far below a small blue triangle.
 Question: What object is to the left of the large blue thing in B, the large black triangle or the medium black triangle? the large black triangle  or  the medium black triangle ?","[' the large black triangle ', ' the medium black triangle ', 'both of them', 'none of them']",'none of them',[' the medium black triangle ']
"There are three blocks names A, B, and C. A is to the left of B and B is to the left of C. In A, there is a small square Which is below and to the left of a yellow circle. In B, there is a yellow circle above and to the right of a large blue square. In C, there is a small black square that is below a small yellow triangle. Near and to the right of the square is a large black triangle. The large triangle is also to the left of and near a large blue square. Far above the blue square is a small yellow circle. The small triangle is to the left and far from the small circle.
 Question: What object is to the right of the yellow thing in A? the small yellow square or  the large blue square?","[' the small yellow square', ' the large blue square', 'both of them', 'none of them']",none of them,[' the large blue square']
"There are three blocks names A, B, and C. A is to the left of B and B is to the left of C. In A, there is a small square Which is below and to the left of a yellow circle. In B, there is a yellow circle above and to the right of a large blue square. In C, there is a small black square that is below a small yellow triangle. Near and to the right of the square is a large black triangle. The large triangle is also to the left of and near a large blue square. Far above the blue square is a small yellow circle. The small triangle is to the left and far from the small circle.
 Question: Is the yellow thing in A above a square?","['Yes', 'No', 'DK']",No,['Yes']
"There are three blocks called A, B, and C. A is to the left of B Which is to the left of C. In A, there is a large black triangle near and above a large black square. To the right of the black triangle is a large blue triangle. In B, there is a medium yellow square near and below a small blue circle. In C, there is a small blue square far above a small yellow square. There is a small blue circle to the right of the small yellow square. There is a medium yellow circle near and to the right of the small blue circle. There is also a medium blue circle below the medium yellow circle.
 Question: What block does not have any yellow objects inside?","['A', 'B', 'C']",A,['A']
"There are three blocks named A, B, and C. B is to the right of A and C is to the right of B. In A there is a large black square that is touching left edge of A. In B, there is a large blue square Which is near and to the right of a large blue triangle. Far below the triangle there is a large yellow circle. The large yellow circle is touching the bottom of B. In C, there is a small blue circle that is to the right of a small black triangle.
 Question: What is the relation between the small black thing and the large black thing?","['left', 'right', 'above', 'below', 'near to', 'far from', 'touching', 'DK']",left,"['right', 'far from']"
"There are three blocks called A, B and C. A is to the left of B and B is to the left of C. In A, there is a small blue circle. In B, there is a large blue triangle that is touching the top of a small yellow triangle. In C, there are four circles, a large yellow one, a small blue one, a small black one, and a large black one. The large yellow circle is touching the large black circle and is above and near the small blue circle. The small black circle is near and to the right of the small blue circle. The large black circle is above and near the small black circle.
 Question: Is the large black thing to the left of the small yellow thing?","['Yes', 'No', 'DK']",No,['No']
"There are three blocks called A, B, and C. B is to the right of A and C is to the right of B. In A, there is a small black triangle near and below a large yellow circle. Far to the right of the yellow circle is a small blue square. In B, there is a large black triangle far below a small blue circle. The small blue circle is near and below a small blue triangle. In C, there is a small blue circle.
 Question: What is the relation between the large yellow thing and the small black thing?","['left', 'right', 'above', 'below', 'near to', 'far from', 'touching', 'DK']",below,"['above', 'near to']"
"There are three blocks called A, B and C. B is to the left of A and C is to the left of B. In A, there is a large blue triangle that is near and to the right of a medium yellow circle. There is also a large black square near and to the left of the medium yellow circle. In B, there is a medium yellow triangle that is near and above a large black square. Near and below the black square is a medium blue circle. In C, there is a small blue triangle to the right of a small black triangle. Near and to the left of the of the small black triangle is a large blue triangle.
 Question: Is the small blue thing to the left of the medium yellow thing in A?","['Yes', 'No', 'DK']",DK,['Yes']
"There are three blocks called A, B, and C. A is to the left of B and B is to the left of C. In A, there is a large yellow square that is near and to the left of a small yellow square. Below the small square is a medium yellow circle. In B, there is a small black triangle that is to the left of a large black square. Far below the black square is a small blue circle. In C, there is a medium blue triangle.
 Question: Is the medium yellow thing below the large yellow thing?","['Yes', 'No', 'DK']",Yes,['Yes']
"There are three blocks called A, B, and C. A is to the right of B and B is to the right of C. In A, there is a medium black triangle. In B, there is a small blue circle that is far below a medium yellow square. In C, there is a small yellow square near and above a small black triangle. The black triangle is near and to the right of a large black square. There is a medium blue triangle below the large black square.
 Question: What is the relation between small black thing and the small yellow thing?","['left', 'right', 'above', 'below', 'near to', 'far from', 'touching', 'DK']",above,"['below', 'near to']"
"There are three blocks called A, B, and C. In A, there is a large blue circle that is near and to the left of a large yellow circle. There is also a medium black triangle below the blue circle. In B, Which is to the right of A, there are three small blue circles far above two small black triangles. C is to the right of B. In C, there is a large blue triangle that is near and to the left of a medium black circle. There is also a large black triangle near and below the large blue triangle.
 Question: Is the medium black thing in A to the left of the large black thing?","['Yes', 'No', 'DK']",'DK',['Yes']
"There is a block called A. In A, there is a small black square near and to the left of a large blue triangle. The large blue triangle is also to the left of and below a small yellow circle. In a block called B, Which is to the left of A, there a large blue square that is near and above a small blue circle. The small blue circle is near and above a medium yellow square. There is another block called C, Which is to the left of B. In C, there is a large yellow square that is near and to the left of a large yellow circle.
 Question: What block does not have any blue objects inside of it?","['A', 'B', 'C']",C,['C']
"There are three blocks called A, B, and C. B is to the left of A and C is to the left of B. In A, there is a medium blue square near and to the right of a large yellow square. The large yellow square is far to the right of a small blue circle. In B, there is a large black circle is near and above a large blue circle. Far below the blue circle is a large black square. In C, there is a small blue circle that is far below a large blue square.
 Question: What is the relation between the medium blue thing and the large yellow thing?","['left', 'right', 'above', 'below', 'near to', 'far from', 'touching', 'DK']",right,"['right', 'near to']"
"There is three blocks called A, B, C. Block A has two big blue shapes to the left of a big yellow triangle. There is also a little triangle to the left of blue objects. there is a big black triangle touching the bottom edge of block B. A medium circle is at top of the block B and a small blue circle is near to it. Block C is left to the blocks A and B. It has two medium triangles. one of them is to the right of the other.
 Question: Is small blue circle in block B at the top of block B?","['Yes', 'No', 'DK']",Yes,['Yes']
"There are three blocks called A, B, and C. B is to the left of A and C is to the left of B. In A, there is a medium blue square near and to the right of a large yellow square. The large yellow square is far to the right of a small blue circle. In B, there is a large black circle is near and above a large blue circle. Far below the blue circle is a large black square. In C, there is a small blue circle that is far below a large blue square.
 Question: What block does not have any triangles inside of it?","['A', 'B', 'C']",'A',['C']
"There are three blocks called A, B, and C. B is to the left of A and C is to the left of B. In A, there is a small blue circle near and above a medium blue circle. Far to the right of the circles is a large yellow square. In B, there is a small black square that is to the right of a small black triangle. There is also a small blue square far above the small black triangle. In C, there is a large black triangle that is near and above a small blue circle. The small blue circle is also near and above a small black triangle. To the left of the small black triangle is a medium yellow circle.
 Question: Is the small black thing in C below a large black thing?","['Yes', 'No', 'DK']",Yes,['Yes']
"There are two blocks called A and B. A is to the right of B. In A, there is a blue triangle, Which is above a orange rectangle, Which is above a black circle. The black circle is touching the bottom of A. In B there are four squares. A yellow square is above a white square and to the left of a green square. A large purple square is touching the bottom of B and is to the left and near of the white square. The green square is on top of the purple square.
 Question: What is the relation between the purple objects and green objects?","['left', 'right', 'above', 'below', 'near to', 'far from', 'touching', 'DK']",above,['below']
"There are three blocks called A, B, and C. A is to the right of B and B is to the right of C. In A, there is a medium black triangle. In B, there is a small blue circle that is far below a medium yellow square. In C, there is a small yellow square near and above a small black triangle. The black triangle is near and to the right of a large black square. There is a medium blue triangle below the large black square.
 Question: What is the relation between the medium black triangle and the medium blue triangle?","['left', 'right', 'above', 'below', 'near to', 'far from', 'touching', 'DK']",above,"['right', 'far from']"
"There is a block called A. In A, there a large black circle that is far below a large yellow square. There is a block called B, Which is to the right of A. In B, there is a large blue square near and to the left of a large blue triangle. The blue triangle is near and to the right of a small yellow square. There is another block called C, Which is to the right of B. In C, there is a small blue circle that is near and above a small yellow square. Far below the small square is a large blue square.
 Question: Is the small yellow thing to the left of the small blue thing?","['Yes', 'No', 'DK']",Yes,['DK']
"There is a block called A. In A, there is a medium black triangle that is near and below a medium blue triangle. The medium blue triangle is far below a large blue circle. The large circle is near and below a small blue triangle. There is a block called B, Which is to the right of A. In B, there is a small yellow circle far above a large yellow square. There is also a large blue triangle near and to the right of large yellow square. There is another block called C, Which is to the right of B. In C, there is a large black triangle that is far below a large blue triangle. The large blue triangle is far below a small blue triangle.
 Question: Is the medium black thing near and above a small blue thing?","['Yes', 'No', 'DK']",No,['No']
"There is a block called A. In A, there are four circles that are touching the bottom of A. The red circle is touching and to the left of the yellow circle. The pink circle is touching and to the right of the green circle. The yellow circle is touching and to the left of the green circle. Touching the bottom of A is a block called B. In B, there is a blue rectangle touching the top and the left of B. Near and to the right of the blue rectangle is a purple rectangle that is also touching the top of B. At the bottom of B there is a white triangle. Far to the left of B there is a block called C. In C, there is a brown oval that is to the right of an  orange square.
 Question: What object is to the left of the pink thing the purple rectangle or  the yellow circle?","[' the purple rectangle', ' the yellow circle', 'both of them', 'none of them']",the yellow circle,[' the yellow circle']
"There is a block called A. Inside there's a red oval that is above a blue triangle. The blue triangle is touching the right edge of A and the top of a large black square. Touching the bottom edge of A is  a small orange square. The is a block called B Which is to the right and touching A. Inside B there are 5 triangles, a red one, a green one, a large yellow one, a brown one, and an orange one. The red and orange triangles are touching the left edge of B and the orange triangle is above the red triangle. The large yellow triangle is touching the top edge of B. The green triangle is touching the right edge of B. The brown triangle is below all of the other triangles and is touching the bottom of B.
 Question: Is the green thing above the yellow thing?","['Yes', 'No', 'DK']",No,['No']
"There are three blocks called A, B, and C. B is to the right of A and C is to the right of B. In A, there is a small yellow circle that is near and to the left of a medium blue triangle. Touching the top of the triangle is a large yellow square. In B, there is a large blue circle near and below a small blue square. There is a large black triangle far to the right of the small blue square. In C, there is a small blue triangle that is far below a medium black triangle. The black triangle was near and below a medium blue triangle.
 Question: Is the small yellow thing to the left of the large blue thing?","['Yes', 'No', 'DK']",Yes,['Yes']
"There is a block called A. In A there is a small blue circle. There is another block called B Which is to the right of A. In B, there is a large yellow square, Which is near and to the left of a small yellow square. Above both squares there is a black triangle. To the right of B there is a block called C. In C, there is a black square that is to the right and far from a yellow triangle.
 Question: Is the black square below the black triangle?","['Yes', 'No', 'DK']",DK,['DK']
"There is a block called A. It has a big blue circle and a red square. The big blue circle is below the red square. There is another block called B Which is above block A. There are a small blue circle and a yellow square in this block. The small blue circle is to the left of the yellow square.
 Question: Which blocks have a square below a circle?","['A', 'B']",A,['B']
"There is a block called A. In A there is a small blue circle. There is another block called B Which is to the right of A. In B, there is a large yellow square, Which is near and to the left of a small yellow square. Above both squares there is a black triangle. To the right of B there is a block called C. In C, there is a black square that is to the right and far from a yellow triangle.
 Question: Is C to the right of A?","['Yes', 'No', 'DK']",Yes,['Yes']
"There are three blocks named A, B, and C. B is to the right of A and C is to the right of B. In A there is a large black square that is touching left edge of A. In B, there is a large blue square Which is near and to the right of a large blue triangle. Far below the triangle there is a large yellow circle. The large yellow circle is touching the bottom of B. In C, there is a small blue circle that is to the right of a small black triangle.
 Question: Are the large blue things near each other?","['Yes', 'No', 'DK']",Yes,['Yes']
"There are three blocks called A, B, and C. A is to the left of B and B is to the left of C. In A, there is a large yellow square that is near and to the left of a small yellow square. Below the small square is a medium yellow circle. In B, there is a small black triangle that is to the left of a large black square. Far below the black square is a small blue circle. In C, there is a medium blue triangle.
 Question: What object is to the right of the large black square the medium blue triangle  or  the small black triangle?","[' the medium blue triangle ', ' the small black triangle', 'both of them', 'none of them']",the small black triangle,[' the medium blue triangle ']
"There are three blocks called A, B, and C. A is to the left of B and B is to the left of C. In A, there is a large yellow square that is near and to the left of a small yellow square. Below the small square is a medium yellow circle. In B, there is a small black triangle that is to the left of a large black square. Far below the black square is a small blue circle. In C, there is a medium blue triangle.
 Question: What block does not have any blue objects inside of it?","['A', 'B', 'C']",'A',['A']
"There is a block called A. It has a big blue circle and a red square. The big blue circle is below the red square. There is another block called B Which is above block A. There are a small blue circle and a yellow square in this block. The small blue circle is to the left of the yellow square.
 Question: What is the relation between the big circle and squares?","['left', 'right', 'above', 'below', 'near to', 'far from', 'touching', 'DK']",below,['above']
"There is a block called A. In A there is a small blue circle. There is another block called B Which is to the right of A. In B, there is a large yellow square, Which is near and to the left of a small yellow square. Above both squares there is a black triangle. To the right of B there is a block called C. In C, there is a black square that is to the right and far from a yellow triangle.
 Question: Is the object in block A to the right of the yellow triangle Which is to the right of a black shape?","['Yes', 'No', 'DK']",No,['No']
"There is a block called A. In A, there are four circles that are touching the bottom of A. The red circle is touching and to the left of the yellow circle. The pink circle is touching and to the right of the green circle. The yellow circle is touching and to the left of the green circle. Touching the bottom of A is a block called B. In B, there is a blue rectangle touching the top and the left of B. Near and to the right of the blue rectangle is a purple rectangle that is also touching the top of B. At the bottom of B there is a white triangle. Far to the left of B there is a block called C. In C, there is a brown oval that is to the right of an  orange square.
 Question: What block does not have a triangle inside?","['A', 'B', 'C']",'A',"['A', 'C']"
